user,artist,songs
익명 D,한로로,해초
익명 D,Nostalgia,우디
익명 D,나상현씨밴드,찬란
익명 D,유다빈밴드,백일몽
익명 D,달의하루,염라
익명 D,LUCY,아니근데진짜
익명 D,King princess,Ohio
익명 D,Lacuna(라쿠나),춤을 춰요
익명 D,예빛,100%
익명 D,DAY6,마치 흘러가는 바람처럼
익명 D,하현상,불꽃놀이
익명 D,Oasis,Stand By Me
익명 D,LUCY,히어로
익명 D,(여자)아이들,Allergy
익명 D,갤럭시 익스프레스,호롱불
익명 D,맥거핀,버킷리스트
익명 D,아이유,미리메리크리스마스(PTK버전)
익명 D,다비치,팡파레
익명 D,beyonce,irreplaceable
익명 D,DAY6,한페이지가 될 수 있게
익명 D,Oasis,Champagne supernova
익명 D,Oasis,The masterplan
익명 D,하현상,등대
익명 D,울랄라세션,아름다운 밤
익명 D,데이식스,Healer
익명 D,엔플라잉,starlight
익명 D,실리카겔,realize
익명 D,radiohead,Creep
익명 D,Mariah Carey,All I want for Christmas is you
익명 D,백예린,popo
익명 D,Green Day,Longview
익명 D,카더가든,나무
익명 D,폴킴,화이트
익명 D,태연,11:11
익명 D,boys like girls,the great escape
익명 D,아이유,꿈빛파티시엘 오프닝곡(밴드버젼)
익명 D,김종서,아름다운 구속
익명 D,넬(NELL),Good Night
익명 D,짙은,"잘지내자, 우리"
익명 B,한로로,해초
익명 B,나상현씨밴드,찬란
익명 B,유다빈밴드,백일몽
익명 B,LUCY,아니 근데 진짜
익명 B,라쿠나,춤을 춰요
익명 B,강산에,거꾸로 강을 거슬러 오르는 저 힘찬 연어들처럼
익명 B,예빛,100%
익명 B,DAY6,마치 흘러가는 바람처럼
익명 B,하현상,불꽃놀이
익명 B,맥거핀,버킷리스트
익명 B,아이유(PTK버전),미리메리크리스마스
익명 B,다비치,거북이
익명 B,DEAN,D
익명 B,oasis,champagne supernova
익명 B,oasis,the masterplan
익명 B,하현상,등대
익명 B,B1A4,SKY
익명 B,울랄라세션,아름다운 밤
익명 B,DAY6,Healer
익명 B,임재범,이 밤이 지나면
익명 B,엔플라잉,starlight
익명 B,실리카겔,Realize
익명 B,Radiohead,Creep
익명 B,윤하,오르트구름(플레이댓)
익명 B,Mariah Carey,All I Want for Christmas Is You
익명 B,자우림,"스물다섯, 스물하나"
익명 B,Day6,한 페이지가 될 수 있게
익명 B,Green Day,Longview
익명 B,폴킴,화이트
익명 B,태연,11:11
익명 B,Boys Like Girls,The Great Escape
익명 B,아이유,꿈빛파티시엘 오프닝
익명 B,버즈,남자를 몰라
익명 B,김종서,아름다운 구속
익명 B,넬,Still sunset
익명 C,한로로,해초
익명 C,유다빈밴드,백일몽
익명 C,하현상,불꽃놀이
익명 C,LUCY,히어로
익명 C,오아시스,Stand by me
익명 C,다비치,팡파레
익명 C,아이유(PTK버전),미리메리크리스마스
익명 C,엔플라잉,starlight
익명 C,카더가든,나무
익명 C,폴킴,화이트
익명 C,아이유,꿈빛파티시엘 오프닝곡(밴드버전)
익명 C,boys like girls,the great escape
익명 C,실리카겔,realize
익명 C,예빛,100%
익명 C,윤하,비가 내리는 날에는
익명 C,나상현씨밴드,찬란
익명 C,버즈,남자를 몰라
익명 C,백예린,popo
익명 C,king princess,ohio
익명 C,태연,11:11
익명 C,AC/DC,Back in black
익명 C,강산에,거꾸로 강을 거슬러 오르는 저 힘찬 연어들처럼
익명 C,짙은,잘지내자 우리
익명 C,정국,seven
익명 C,유다빈 밴드,우리의 밤
익명 C,여자아이들,allergy
익명 C,맥거핀,버킷리스트
익명 C,Dean,D
익명 C,윤하,오르트구름
익명 C,oasis,The masterplan
익명 X,폴킴,화이트(white)
익명 X,윤하,오르트구름
익명 X,널 위한 멜로디,M4
익명 X,버즈,남자를 몰라
익명 X,Mariah Carey,All I want for Christmas is you
익명 X,자우림,스물다섯 스물하나
익명 X,다비치,팡파레
익명 X,예빛,100%
익명 X,LUCY,히어로
익명 X,(여자)아이들,Allergy
익명 X,기현 (몬스타엑스),Youth
익명 X,넬(NELL),Still Sunset
익명 X,아이유,너랑나
익명 X,아이유(PTK버전),미리메리크리스마스
익명 X,oasis,The masterplan
익명 X,LUCY,아니근데진짜
익명 X,DAY6,마치 흘러가는 바람처럼
익명 X,데이식스,한 페이지가 될 수 있게
익명 X,카더가든,나무
익명 X,나상현씨밴드,찬란
익명 X,하현상,등대
익명 X,boys like girls,the great escape
익명 X,아이유,꿈빛파티시엘 오프닝곡(밴드버젼)
익명 X,한로로,해초
익명 X,Oasis(오아시스),Stand By Me
익명 X,유다빈밴드,백일몽
익명 X,Lacuna(라쿠나),춤을 춰요
익명 Y,카더가든,나무
익명 Y,oasis,The masterplan / 권도헌 기타/보컬-이광선 기타-김대한 드럼-차영섭 베이스-김연지 키보드
익명 Y,울랄라세션,아름다운 밤 / 잔탄 소모 보컬
익명 Y,keane,Everybody`s changing
익명 Y,matchbox twenty,How far we`ve come
익명 Y,하현상,등대
익명 Y,Lacuna(라쿠나),춤을 춰요
익명 Y,백예린,popo
익명 Y,King princess,Ohio
익명 Y,유다빈밴드,백일몽
익명 Y,radiohead,Creep
익명 Y,버즈,남자를 몰라
익명 Y,엔플라잉,starlight
익명 Y,김종서,아름다운 구속
익명 Y,Oasis(오아시스),Stand By Me
익명 Y,아이유,너랑나
익명 Y,oasis,Champagne supernova
익명 Y,임재범,이 밤이 지나면
익명 Y,나상현씨밴드,찬란
익명 Y,하현상,불꽃놀이
익명 Y,예빛,100%
익명 Y,윤하,오르트구름 / 플레이댓커버ver
익명 Y,(여자)아이들,Allergy
익명 Y,갤럭시 익스프레스,OH Yeah
익명 Y,Mariah Carey,All I want for Christmas is you
익명 Y,강산에,거꾸로 강을 거슬러 오르는 저 힘찬 연어들처럼
익명 Y,beyonce,irreplaceable
익명 Y,윤하,오르트구름
익명 Y,넬(NELL),Good Night
익명 Y,LUCY,아니근데진짜
익명 Y,AC/DC,Back In Black
익명 Y,Green Day,Longview
익명 Y,유다빈 밴드,우리의 밤
익명 Y,아이유(PTK버전),미리메리크리스마스
익명 Y,boys like girls,the great escape
익명 Y,아이유,꿈빛파티시엘 오프닝곡(밴드버젼)
